{
  "3":"normalize.less",
  "4":"print.less",
  "5":"glyphicons.less",
  "6":"scaffolding.less",
  "7":"type.less",
  "8":"code.less",
  "9":"grid.less",
  "10":"tables.less",
  "11":"forms.less",
  "12":"buttons.less",
  "13":"component-animations.less",
  "14":"dropdowns.less",
  "15":"button-groups.less",
  "16":"input-groups.less",
  "17":"navs.less",
  "18":"navbar.less",
  "19":"breadcrumbs.less",
  "20":"pagination.less",
  "21":"pager.less",
  "22":"labels.less",
  "23":"badges.less",
  "24":"jumbotron.less",
  "25":"thumbnails.less",
  "26":"alerts.less",
  "27":"progress-bars.less",
  "28":"media.less",
  "29":"list-group.less",
  "30":"panels.less",
  "31":"responsive-embed.less",
  "32":"wells.less",
  "33":"close.less",
  "34":"modals.less",
  "35":"tooltip.less",
  "36":"popovers.less",
  "37":"carousel.less",
  "38":"utilities.less",
  "39":"responsive-utilities.less"
}