{
    "3":"reset.less",
    "4":"scaffolding.less",
    "5":"grid.less",
    "6":"layouts.less",
    "7":"type.less",
    "8":"code.less",
    "9":"forms.less",
    "10":"tables.less",
    "11":"sprites.less",
    "12":"dropdowns.less",
    "13":"wells.less",
    "14":"glyphicons.less",
    "15":"component-animations.less",
    "16":"close.less",
    "17":"buttons.less",
    "18":"button-groups.less",
    "19":"alerts.less",
    "20":"navs.less",
    "21":"navbar.less",
    "22":"breadcrumbs.less",
    "23":"pagination.less",
    "24":"pager.less",
    "25":"modals.less",
    "26":"tooltip.less",
    "27":"popovers.less",
    "28":"thumbnails.less",
    "29":"media.less",
    "30":"labels-badges.less",
    "31":"progress-bars.less",
    "32":"accordion.less",
    "33":"carousel.less",
    "34":"hero-unit.less",
    "35":"utilities.less",
    "36":"responsive.less"
}